INSERT INTO ONSTAGE.JPORTS VALUES (22124, 0);
INSERT INTO ONSTAGE.JPORTS VALUES (22125, 0);
INSERT INTO ONSTAGE.JPORTS VALUES (22126, 0);
INSERT INTO ONSTAGE.JPORTS VALUES (22127, 0);
INSERT INTO ONSTAGE.JPORTS VALUES (22128, 0);
INSERT INTO ONSTAGE.JPORTS VALUES (22129, 0);
INSERT INTO ONSTAGE.JPORTS VALUES (22130, 0);
INSERT INTO ONSTAGE.JPORTS VALUES (22131, 0);
INSERT INTO ONSTAGE.JPORTS VALUES (22132, 0);
INSERT INTO ONSTAGE.JPORTS VALUES (22133, 0);

INSERT INTO ONSTAGE.MUSIC_ROLES (ID, INSTRUMENT) VALUES (0, 'Bass');
INSERT INTO ONSTAGE.MUSIC_ROLES (ID, INSTRUMENT) VALUES (1, 'Guitar');
INSERT INTO ONSTAGE.MUSIC_ROLES (ID, INSTRUMENT) VALUES (2, 'Drums');
INSERT INTO ONSTAGE.MUSIC_ROLES (ID, INSTRUMENT) VALUES (3, 'Piano');

INSERT INTO ONSTAGE.GENRES (ID, GENRE) VALUES (0, 'Rap');
INSERT INTO ONSTAGE.GENRES (ID, GENRE) VALUES (1, 'Pop');
INSERT INTO ONSTAGE.GENRES (ID, GENRE) VALUES (2, 'Rock');
INSERT INTO ONSTAGE.GENRES (ID, GENRE) VALUES (3, 'Classica');
INSERT INTO ONSTAGE.GENRES (ID, GENRE) VALUES (4, 'Jazz');
INSERT INTO ONSTAGE.GENRES (ID, GENRE) VALUES (5, 'Soul');
INSERT INTO ONSTAGE.GENRES (ID, GENRE) VALUES (6, 'Blues');

INSERT INTO ONSTAGE.GROUPS_ROLES (ID, ROLES) VALUES (0, 'Musicista');
INSERT INTO ONSTAGE.GROUPS_ROLES (ID, ROLES) VALUES (1, 'Moderatore');
INSERT INTO ONSTAGE.GROUPS_ROLES (ID, ROLES) VALUES (2, 'Admin');

-- DEBUG

INSERT INTO ONSTAGE.USERS VALUES ('riddorck', 'riddorck@gmail.com', 'Salvatore', 'Anchora', '9ec3cc1258943f83d9a0b27f6ac2e68efb7568a2e86dc014123363c72755f4d4', 'J3H29V26WO7FOP4D', 1, NOW(), NULL, 'pexels-andrea-piacquadio-3767420');
INSERT INTO ONSTAGE.USERS VALUES ('soundwave', 'soundwave9595@gmail.com', 'Andrea', 'Cagnetta', '0c43daf822d2752d2300e639b953070c97c00b083d2e5e2a89c5d527aaa548c0', '9PMSHVTN60W9GIXJ', 1, NOW(), NULL, 'pexels-andrea-piacquadio-3807536');

INSERT INTO ONSTAGE.GROUPS VALUES (NULL, 'OMBO', 'Descrizione Ombo', 'pexels-burst-374777.jpg');
INSERT INTO ONSTAGE.GROUPS VALUES (NULL, 'QUEEN', 'Descrizione Queen', 'pexels-burst-374777.jpg');

INSERT INTO ONSTAGE.EVENTS VALUES (NULL, 'Evento Ombo', 'Descrizione evento Ombo', 1, '2021-06-24 09:53:57', NULL, NULL, NULL, NULL, 0);
INSERT INTO ONSTAGE.EVENTS VALUES (NULL, 'Evento Queen', 'Descrizione evento Queen', 2, '2021-06-10 09:53:57', NULL, NULL, NULL, NULL, 0);

INSERT INTO ONSTAGE.EVENTS_GENRES VALUES (2, 2)
INSERT INTO ONSTAGE.EVENTS_GENRES VALUES (6, 1)

INSERT INTO ONSTAGE.USERS_GENRES VALUES('riddorck', 0);
INSERT INTO ONSTAGE.USERS_GENRES VALUES('riddorck', 2);
INSERT INTO ONSTAGE.USERS_GENRES VALUES('riddorck', 4);
INSERT INTO ONSTAGE.USERS_GENRES VALUES('soundwave', 1);
INSERT INTO ONSTAGE.USERS_GENRES VALUES('soundwave', 3);
INSERT INTO ONSTAGE.USERS_GENRES VALUES('soundwave', 5);

INSERT INTO ONSTAGE.GROUPS_MEMBERS VALUES ('soundwave',1)
INSERT INTO ONSTAGE.GROUPS_MEMBERS VALUES ('riddorck',1)

INSERT INTO ONSTAGE.GROUPS_MEMBERS_GROUPS_ROLES VALUES ('soundwave',1,2)
INSERT INTO ONSTAGE.GROUPS_MEMBERS_GROUPS_ROLES VALUES ('riddorck',1,1)

INSERT INTO ONSTAGE.GROUPS_MEMBERS VALUES ('soundwave',1)
INSERT INTO ONSTAGE.GROUPS_MEMBERS VALUES ('riddorck',2)
